event_name;sport;date;city;country;address;latitude;longitude;distance;description;event_url;data_source;image
10 Teiche Marathon;Running;12.09.2026;Hahnenklee;Germany;Hahnenklee, Germany;;;5 km, 10 km, Half Marathon, Marathon;Official local running event in Hahnenklee. Distances: 5 km, 10 km, Half Marathon, Marathon. Discovered via Kilometerliebe and linked to the official event website.;https://www.harzer-wanderwochen.de/10-teiche-marathon;Kilometerliebe Discovery;
SanktPauli Ultra;Ultramarathon;15.05.2027;Rotenburg/Wümme - Tostedt;Germany;Rotenburg/Wümme - Tostedt, Germany;;;100 km;Official local running event in Rotenburg/Wümme - Tostedt. Distances: 100 km. Discovered via Kilometerliebe and linked to the official event website.;https://www.bremensanktpauli.de/infos;Kilometerliebe Discovery;
Freudenstadt Grüntal 12h/24h Lauf (Frühling);Ultramarathon;18.04.2026;Freudenstadt-Grüntal;Germany;Freudenstadt-Grüntal, Germany;;;12h / 24h Ultramarathon;Official local running event in Freudenstadt-Grüntal. Distances: 12h / 24h Ultramarathon. Discovered via Kilometerliebe and linked to the official event website.;https://neckarlauf.com/geh-heim-lauf.html;Kilometerliebe Discovery;
Freudenstadt Grüntal 12h/24h Lauf (Herbst);Ultramarathon;03.10.2026;Freudenstadt-Grüntal;Germany;Freudenstadt-Grüntal, Germany;;;12h / 24h Ultramarathon;Official local running event in Freudenstadt-Grüntal. Distances: 12h / 24h Ultramarathon. Discovered via Kilometerliebe and linked to the official event website.;https://neckarlauf.com/geh-heim-lauf.html;Kilometerliebe Discovery;
24h-Lauf Reichenau;Ultramarathon;13.06.2026;Konstanz;Germany;Konstanz, Germany;;;24h Ultramarathon;Official local running event in Konstanz. Distances: 24h Ultramarathon. Discovered via Kilometerliebe and linked to the official event website.;http://www.24h-lauf-reichenau.de/;Kilometerliebe Discovery;
3. Rureifel Trail;Ultramarathon;18.04.2026;Nideggen;Germany;Nideggen, Germany;;;77 km;Official local running event in Nideggen. Distances: 77 km. Discovered via Kilometerliebe and linked to the official event website.;https://www.rureifel-trail.com;Kilometerliebe Discovery;
7-Gebirgsmarathon;Running;13.12.2026;Bad Honnef;Germany;Bad Honnef, Germany;;;Half Marathon, Marathon;Official local running event in Bad Honnef. Distances: Half Marathon, Marathon. Discovered via Kilometerliebe and linked to the official event website.;http://www.siebengebirgsmarathon.de;Kilometerliebe Discovery;
adidas Runners City Night Berlin;Running;01.08.2026;Berlin;Germany;Berlin, Germany;;;5 km, 10 km;Official local running event in Berlin. Distances: 5 km, 10 km. Discovered via Kilometerliebe and linked to the official event website.;https://www.berlin-citynight.de/;Kilometerliebe Discovery;
Adventslauf Lage;Running;06.12.2026;Lage;Germany;Lage, Germany;;;5 km, 10 km;Official local running event in Lage. Distances: 5 km, 10 km. Discovered via Kilometerliebe and linked to the official event website.;https://www.lg-lippe.de;Kilometerliebe Discovery;
AESCULAP Donautal Marathon;Running;07.06.2026;Tuttlingen;Germany;Tuttlingen, Germany;;;10 km, Half Marathon, Marathon;Official local running event in Tuttlingen. Distances: 10 km, Half Marathon, Marathon. Discovered via Kilometerliebe and linked to the official event website.;https://www.runundfun.de;Kilometerliebe Discovery;
Ahrathon Erlebnislauf;Running;13.06.2026;Bad Neuenahr-Ahrweiler;Germany;Bad Neuenahr-Ahrweiler, Germany;;;5 km, 10 km, Half Marathon, Marathon;Official local running event in Bad Neuenahr-Ahrweiler. Distances: 5 km, 10 km, Half Marathon, Marathon. Discovered via Kilometerliebe and linked to the official event website.;https://ahrathon.de;Kilometerliebe Discovery;
Allgäu-Panorama-Marathon;Running;09.08.2026;Sonthofen;Germany;Sonthofen, Germany;;;Half Marathon, Marathon;Official local running event in Sonthofen. Distances: Half Marathon, Marathon. Discovered via Kilometerliebe and linked to the official event website.;http://www.allgaeu-panorama-marathon.de;Kilometerliebe Discovery;
BARMER CURREX Alsterlauf Hamburg;Running;06.09.2026;Hamburg;Germany;Hamburg, Germany;;;5 km, 10 km;Official local running event in Hamburg. Distances: 5 km, 10 km. Discovered via Kilometerliebe and linked to the official event website.;https://www.alsterlauf-hamburg.de/;Kilometerliebe Discovery;
Alstertallauf Hamburg;Running;25.10.2026;Hamburg;Germany;Hamburg, Germany;;;5 km, 10 km, Half Marathon;Official local running event in Hamburg. Distances: 5 km, 10 km, Half Marathon. Discovered via Kilometerliebe and linked to the official event website.;https://alstertallauf.de/;Kilometerliebe Discovery;
Altmühl-Jura Halbmarathon;Running;26.07.2026;Greding;Germany;Greding, Germany;;;5 km, 10 km, Half Marathon;Official local running event in Greding. Distances: 5 km, 10 km, Half Marathon. Discovered via Kilometerliebe and linked to the official event website.;https://www.greding.de/aj-halbmarathon;Kilometerliebe Discovery;
Altstadtlauf Salzwedel;Running;20.09.2026;Salzwedel;Germany;Salzwedel, Germany;;;5 km, 10 km, Half Marathon;Official local running event in Salzwedel. Distances: 5 km, 10 km, Half Marathon. Discovered via Kilometerliebe and linked to the official event website.;https://www.altstadtlauf-salzwedel.de;Kilometerliebe Discovery;
Amberger Frühlingslauf;Running;19.04.2026;Amberg;Germany;Amberg, Germany;;;10 km, Half Marathon;Official local running event in Amberg. Distances: 10 km, Half Marathon. Discovered via Kilometerliebe and linked to the official event website.;https://cis-amberg.de;Kilometerliebe Discovery;
Ampermarathon Olching;Running;19.04.2026;Olching;Germany;Olching, Germany;;;Marathon;Official local running event in Olching. Distances: Marathon. Discovered via Kilometerliebe and linked to the official event website.;https://www.ampermarathon.de;Kilometerliebe Discovery;
AOK Firmenlauf Bielefeld;Running;26.08.2026;Bielefeld;Germany;Bielefeld, Germany;;;5 km;Official local running event in Bielefeld. Distances: 5 km. Discovered via Kilometerliebe and linked to the official event website.;https://www.firmenlauf-bielefeld.com/;Kilometerliebe Discovery;
AOK-Firmenlauf Witten;Running;02.07.2026;Witten;Germany;Witten, Germany;;;5 km;Official local running event in Witten. Distances: 5 km. Discovered via Kilometerliebe and linked to the official event website.;https://www.aok-firmenlauf.de/;Kilometerliebe Discovery;
AOK-Firmenlauf Hamm;Running;03.09.2026;Hamm;Germany;Hamm, Germany;;;5.5 km;Official local running event in Hamm. Distances: 5.5 km. Discovered via Kilometerliebe and linked to the official event website.;https://www.aok-firmenlauf.de/;Kilometerliebe Discovery;
AOK Firmenlauf Reutlingen;Running;11.06.2026;Reutlingen;Germany;Reutlingen, Germany;;;5 km;Official local running event in Reutlingen. Distances: 5 km. Discovered via Kilometerliebe and linked to the official event website.;https://reutlingen.bw-running.de/home;Kilometerliebe Discovery;
AOK-Firmenlauf Rheine;Running;26.06.2026;Rheine;Germany;Rheine, Germany;;;5 km;Official local running event in Rheine. Distances: 5 km. Discovered via Kilometerliebe and linked to the official event website.;https://aok-firmenlauf-rheine.de/;Kilometerliebe Discovery;
Aschaffenburger Sparkassen Halbmarathon;Running;04.10.2026;Aschaffenburg;Germany;Aschaffenburg, Germany;;;Half Marathon;Official local running event in Aschaffenburg. Distances: Half Marathon. Discovered via Kilometerliebe and linked to the official event website.;https://halbmarathon-aschaffenburg.de;Kilometerliebe Discovery;
Augsburger swa-Straßenlauf;Running;19.04.2026;Augsburg;Germany;Augsburg, Germany;;;10 km, Half Marathon;Official local running event in Augsburg. Distances: 10 km, Half Marathon. Discovered via Kilometerliebe and linked to the official event website.;https://tgva.de/swa-strassenlauf;Kilometerliebe Discovery;
B. BRAUN Marathon;Running;28.06.2026;Tuttlingen;Germany;Tuttlingen, Germany;;;5 km, 10 km, Half Marathon, Marathon;Official local running event in Tuttlingen. Distances: 5 km, 10 km, Half Marathon, Marathon. Discovered via Kilometerliebe and linked to the official event website.;https://www.runundfun.de/wettbewerbe/aesculap-donautal-marathon;Kilometerliebe Discovery;
B2Run Aachen;Running;28.04.2026;Aachen;Germany;Aachen, Germany;;;5 km;Official local running event in Aachen. Distances: 5 km. Discovered via Kilometerliebe and linked to the official event website.;https://www.b2run.de/run/de/de/aachen/index.html;Kilometerliebe Discovery;
B2Run Gelsenkirchen;Running;01.09.2026;Gelsenkirchen;Germany;Gelsenkirchen, Germany;;;5 km;Official local running event in Gelsenkirchen. Distances: 5 km. Discovered via Kilometerliebe and linked to the official event website.;https://www.b2run.de/run/de/de/gelsenkirchen/index.html;Kilometerliebe Discovery;
B2Run Hamburg;Running;25.08.2026;Hamburg;Germany;Hamburg, Germany;;;5.5 km;Official local running event in Hamburg. Distances: 5.5 km. Discovered via Kilometerliebe and linked to the official event website.;https://www.b2run.de/run/de/de/hamburg/;Kilometerliebe Discovery;
B2Run Kaiserslautern;Running;11.06.2026;Kaiserslautern;Germany;Kaiserslautern, Germany;;;5 km;Official local running event in Kaiserslautern. Distances: 5 km. Discovered via Kilometerliebe and linked to the official event website.;https://www.b2run.de/run/de/de/kaiserslautern/index.html;Kilometerliebe Discovery;
B2Run Koblenz;Running;26.06.2026;Koblenz;Germany;Koblenz, Germany;;;5 km;Official local running event in Koblenz. Distances: 5 km. Discovered via Kilometerliebe and linked to the official event website.;https://www.b2run.de/run/de/de/koblenz/index.html;Kilometerliebe Discovery;
B2Run München;Running;15.07.2026;München;Germany;München, Germany;;;6.3 km;Official local running event in München. Distances: 6.3 km. Discovered via Kilometerliebe and linked to the official event website.;https://www.b2run.de/run/de/de/muenchen/;Kilometerliebe Discovery;
Bad Buchauer Stadtlauf mit Halbmarathon;Running;11.07.2026;Bad Buchau;Germany;Bad Buchau, Germany;;;5 km, 10 km, Half Marathon;Official local running event in Bad Buchau. Distances: 5 km, 10 km, Half Marathon. Discovered via Kilometerliebe and linked to the official event website.;https://www.svbadbuchau.de/stadtlauf;Kilometerliebe Discovery;
Bad Harzburger Bergmarathon;Running;23.05.2026;Bad Harzburg;Germany;Bad Harzburg, Germany;;;10 km, Half Marathon, Marathon;Official local running event in Bad Harzburg. Distances: 10 km, Half Marathon, Marathon. Discovered via Kilometerliebe and linked to the official event website.;http://bergmarathon-harzburg.de;Kilometerliebe Discovery;
Bad Waldseer Lauffieber;Running;16.05.2026;Bad Waldsee;Germany;Bad Waldsee, Germany;;;10 km, Half Marathon;Official local running event in Bad Waldsee. Distances: 10 km, Half Marathon. Discovered via Kilometerliebe and linked to the official event website.;https://www.badwaldseer-lauffieber.de;Kilometerliebe Discovery;
Baden-Marathon Karlsruhe;Running;20.09.2026;Karlsruhe;Germany;Karlsruhe, Germany;;;10 km, Half Marathon, Marathon;Official local running event in Karlsruhe. Distances: 10 km, Half Marathon, Marathon. Discovered via Kilometerliebe and linked to the official event website.;http://www.baden-marathon.de;Kilometerliebe Discovery;
Baden-Marathon Karlsruhe;Running;19.09.2027;Karlsruhe;Germany;Karlsruhe, Germany;;;Half Marathon, Marathon;Official local running event in Karlsruhe. Distances: Half Marathon, Marathon. Discovered via Kilometerliebe and linked to the official event website.;https://www.badenmarathon.de;Kilometerliebe Discovery;
Badeparadies Schwarzwald Firmenlauf Villingen-Schwenningen;Running;02.07.2026;Villingen-Schwenningen;Germany;Villingen-Schwenningen, Germany;;;5 km;Official local running event in Villingen-Schwenningen. Distances: 5 km. Discovered via Kilometerliebe and linked to the official event website.;https://firmenlauf-vs.de/;Kilometerliebe Discovery;
Barmstedter Stadtlauf;Running;14.06.2026;Barmstedt;Germany;Barmstedt, Germany;;;5 km, 10 km, Half Marathon;Official local running event in Barmstedt. Distances: 5 km, 10 km, Half Marathon. Discovered via Kilometerliebe and linked to the official event website.;https://bmtv.de/sportangebote/veranstaltungen/stadtlauf;Kilometerliebe Discovery;
Behördenmarathon Halle;Running;08.05.2026;Halle;Germany;Halle, Germany;;;Half Marathon, Marathon;Official local running event in Halle. Distances: Half Marathon, Marathon. Discovered via Kilometerliebe and linked to the official event website.;https://www.behördenmarathon-halle.de;Kilometerliebe Discovery;
Bergstadt Marathon Rüthen;Running;10.05.2026;Rüthen;Germany;Rüthen, Germany;;;5 km, 10 km, Half Marathon, Marathon;Official local running event in Rüthen. Distances: 5 km, 10 km, Half Marathon, Marathon. Discovered via Kilometerliebe and linked to the official event website.;https://www.bergstadtmarathon-ruethen.de;Kilometerliebe Discovery;
Bertlicher Strassenläufe;Running;27.09.2026;Herten;Germany;Herten, Germany;;;5 km, 10 km;Official local running event in Herten. Distances: 5 km, 10 km. Discovered via Kilometerliebe and linked to the official event website.;http://www.sus-bertlich.de/la;Kilometerliebe Discovery;
Bienwald Marathon;Running;14.03.2027;Kandel;Germany;Kandel, Germany;;;Half Marathon, Marathon;Official local running event in Kandel. Distances: Half Marathon, Marathon. Discovered via Kilometerliebe and linked to the official event website.;https://bienwald-marathon.de;Kilometerliebe Discovery;
Bietigheimer Silvesterlauf;Running;31.12.2026;Bietigheim-Bissingen;Germany;Bietigheim-Bissingen, Germany;;;10.5 km;Official local running event in Bietigheim-Bissingen. Distances: 10.5 km. Discovered via Kilometerliebe and linked to the official event website.;https://www.bietigheimer-silvesterlauf.de;Kilometerliebe Discovery;
Bilstein-Marathon;Running;12.04.2026;Witzenhausen;Germany;Witzenhausen, Germany;;;Half Marathon, Marathon;Official local running event in Witzenhausen. Distances: Half Marathon, Marathon. Discovered via Kilometerliebe and linked to the official event website.;http://www.bilstein-marathon.de;Kilometerliebe Discovery;
BMW Berlin Marathon;Running;27.09.2026;Berlin;Germany;Berlin, Germany;;;Marathon;Official local running event in Berlin. Distances: Marathon. Discovered via Kilometerliebe and linked to the official event website.;https://www.bmw-berlin-marathon.com;Kilometerliebe Discovery;
BMW Berlin Marathon;Running;26.09.2027;Berlin;Germany;Berlin, Germany;;;Marathon;Official local running event in Berlin. Distances: Marathon. Discovered via Kilometerliebe and linked to the official event website.;https://www.bmw-berlin-marathon.com;Kilometerliebe Discovery;
Bodensee Marathon;Running;19.09.2026;Kressbronn;Germany;Kressbronn, Germany;;;10 km, Half Marathon, Marathon;Official local running event in Kressbronn. Distances: 10 km, Half Marathon, Marathon. Discovered via Kilometerliebe and linked to the official event website.;https://www.bodensee-marathon.de;Kilometerliebe Discovery;
Bonn Marathon;Running;19.04.2026;Bonn;Germany;Bonn, Germany;;;Half Marathon, Marathon;Official local running event in Bonn. Distances: Half Marathon, Marathon. Discovered via Kilometerliebe and linked to the official event website.;https://www.deutschepostmarathonbonn.de;Kilometerliebe Discovery;
Borkumer Meilenlauf;Running;05.09.2026;Borkum;Germany;Borkum, Germany;;;5 km, 10 km;Official local running event in Borkum. Distances: 5 km, 10 km. Discovered via Kilometerliebe and linked to the official event website.;https://www.borkumer-meilenlauf.de;Kilometerliebe Discovery;
Borne To Run 48h Spenden-Lauf;Ultramarathon;12.06.2026;Unna;Germany;Unna, Germany;;;48h Ultramarathon;Official local running event in Unna. Distances: 48h Ultramarathon. Discovered via Kilometerliebe and linked to the official event website.;https://my.raceresult.com/340905/;Kilometerliebe Discovery;
Borne To Run 6h Spenden-Lauf;Ultramarathon;13.06.2026;Unna;Germany;Unna, Germany;;;6h / 24h / 12h Ultramarathon;Official local running event in Unna. Distances: 6h / 24h / 12h Ultramarathon. Discovered via Kilometerliebe and linked to the official event website.;https://my.raceresult.com/340905/;Kilometerliebe Discovery;
BORSIG Halbmarathon;Running;06.09.2026;Berlin;Germany;Berlin, Germany;;;5 km, 10 km, Half Marathon;Official local running event in Berlin. Distances: 5 km, 10 km, Half Marathon. Discovered via Kilometerliebe and linked to the official event website.;https://borsighalbmarathon.de;Kilometerliebe Discovery;
Bottwartal Marathon;Running;18.10.2026;Steinheim;Germany;Steinheim, Germany;;;10 km, Half Marathon, Marathon;Official local running event in Steinheim. Distances: 10 km, Half Marathon, Marathon. Discovered via Kilometerliebe and linked to the official event website.;https://www.bottwartal-marathon.de;Kilometerliebe Discovery;
Brauereienlauf;Running;19.09.2026;Litzendorf;Germany;Litzendorf, Germany;;;10 km, Half Marathon;Official local running event in Litzendorf. Distances: 10 km, Half Marathon. Discovered via Kilometerliebe and linked to the official event website.;https://brauereienlauf.de;Kilometerliebe Discovery;
Braunschweiger Lauftage;Running;25.10.2026;Braunschweig;Germany;Braunschweig, Germany;;;5 km, 10 km, Half Marathon;Official local running event in Braunschweig. Distances: 5 km, 10 km, Half Marathon. Discovered via Kilometerliebe and linked to the official event website.;http://www.braunschweiger-lauftage.de;Kilometerliebe Discovery;
Bremer Brückenlauf;Running;04.07.2026;Bremen;Germany;Bremen, Germany;;;5 km, 10 km, Half Marathon;Official local running event in Bremen. Distances: 5 km, 10 km, Half Marathon. Discovered via Kilometerliebe and linked to the official event website.;https://bremer-brueckenlauf.de;Kilometerliebe Discovery;
Brocken Marathon;Running;10.10.2026;Wernigerode;Germany;Wernigerode, Germany;;;10 km, Marathon;Official local running event in Wernigerode. Distances: 10 km, Marathon. Discovered via Kilometerliebe and linked to the official event website.;http://www.harz-gebirgslauf.de;Kilometerliebe Discovery;
Buchholzer Stadtlauf;Running;21.06.2026;Buchholz;Germany;Buchholz, Germany;;;5 km, 10 km, Half Marathon;Official local running event in Buchholz. Distances: 5 km, 10 km, Half Marathon. Discovered via Kilometerliebe and linked to the official event website.;https://buchholzerstadtlauf.de;Kilometerliebe Discovery;
Burgwald-Märchen-Marathon;Running;30.08.2026;Rauschenberg;Germany;Rauschenberg, Germany;;;10 km, Half Marathon, Marathon;Official local running event in Rauschenberg. Distances: 10 km, Half Marathon, Marathon. Discovered via Kilometerliebe and linked to the official event website.;http://bmm-rauschenberg.de;Kilometerliebe Discovery;
Castroper Feierabendlauf;Running;28.05.2026;Castrop-Rauxel;Germany;Castrop-Rauxel, Germany;;;5 km;Official local running event in Castrop-Rauxel. Distances: 5 km. Discovered via Kilometerliebe and linked to the official event website.;https://www.castrop-rauxel.de/feierabendlauf;Kilometerliebe Discovery;
City Marathon Bremerhaven;Running;06.09.2026;Bremerhaven;Germany;Bremerhaven, Germany;;;10 km, Half Marathon, Marathon;Official local running event in Bremerhaven. Distances: 10 km, Half Marathon, Marathon. Discovered via Kilometerliebe and linked to the official event website.;https://www.bremerhaven-marathon.de;Kilometerliebe Discovery;
City Marathon Wiesbaden;Running;20.06.2026;Wiesbaden;Germany;Wiesbaden, Germany;;;5 km, 10 km, Half Marathon, Marathon;Official local running event in Wiesbaden. Distances: 5 km, 10 km, Half Marathon, Marathon. Discovered via Kilometerliebe and linked to the official event website.;https://sporthilfe-wiesbaden.de;Kilometerliebe Discovery;
Crailsheimer Halbmarathon;Running;27.06.2026;Crailsheim;Germany;Crailsheim, Germany;;;Half Marathon;Official local running event in Crailsheim. Distances: Half Marathon. Discovered via Kilometerliebe and linked to the official event website.;https://syntegon-burgberglauf.de;Kilometerliebe Discovery;
Cuxhaven Marathon;Running;10.05.2026;Cuxhaven;Germany;Cuxhaven, Germany;;;10 km, Half Marathon;Official local running event in Cuxhaven. Distances: 10 km, Half Marathon. Discovered via Kilometerliebe and linked to the official event website.;https://www.cuxhaven-marathon.de;Kilometerliebe Discovery;
DAK Firmenlauf Cottbus;Running;10.09.2026;Cottbus;Germany;Cottbus, Germany;;;5 km;Official local running event in Cottbus. Distances: 5 km. Discovered via Kilometerliebe and linked to the official event website.;https://www.firmenlauf-cottbus.de/;Kilometerliebe Discovery;
Darß Marathon;Running;26.04.2026;Wieck a. Darß;Germany;Wieck a. Darß, Germany;;;10 km, Half Marathon, Marathon;Official local running event in Wieck a. Darß. Distances: 10 km, Half Marathon, Marathon. Discovered via Kilometerliebe and linked to the official event website.;http://www.darss-marathon.de;Kilometerliebe Discovery;
Deichlauf Hohnstorf;Running;06.06.2026;Hohnstorf Elbe;Germany;Hohnstorf Elbe, Germany;;;10 km, Half Marathon;Official local running event in Hohnstorf Elbe. Distances: 10 km, Half Marathon. Discovered via Kilometerliebe and linked to the official event website.;https://www.tus-hohnstorf-elbe.de;Kilometerliebe Discovery;
Dorstener 24-Stunden-Lauf;Ultramarathon;10.07.2026;Dorsten;Germany;Dorsten, Germany;;;24h Ultramarathon;Official local running event in Dorsten. Distances: 24h Ultramarathon. Discovered via Kilometerliebe and linked to the official event website.;https://24stundenlaufdorsten.de/;Kilometerliebe Discovery;
Dortmunder Friedenslauf;Running;25.05.2026;Dortmund;Germany;Dortmund, Germany;;;5 km, 10 km, Half Marathon;Official local running event in Dortmund. Distances: 5 km, 10 km, Half Marathon. Discovered via Kilometerliebe and linked to the official event website.;https://www.tsvkirchlinde.de;Kilometerliebe Discovery;
Draisinenlauf Altenglan;Running;21.06.2026;Altenglan;Germany;Altenglan, Germany;;;Half Marathon;Official local running event in Altenglan. Distances: Half Marathon. Discovered via Kilometerliebe and linked to the official event website.;https://lsc-kusel.de/draisinenlauf;Kilometerliebe Discovery;
Drebber Marathon;Running;13.06.2026;Drebber;Germany;Drebber, Germany;;;5 km, 10 km, Half Marathon, Marathon;Official local running event in Drebber. Distances: 5 km, 10 km, Half Marathon, Marathon. Discovered via Kilometerliebe and linked to the official event website.;http://drebber-marathon.de;Kilometerliebe Discovery;
Drei-Talsperren Marathon;Running;19.09.2026;Eibenstock;Germany;Eibenstock, Germany;;;10 km, Half Marathon, Marathon;Official local running event in Eibenstock. Distances: 10 km, Half Marathon, Marathon. Discovered via Kilometerliebe and linked to the official event website.;https://www.drei-talsperren-marathon.de;Kilometerliebe Discovery;
Dreiburgenland Marathon;Running;25.04.2026;Thurmansbang;Germany;Thurmansbang, Germany;;;5 km, 10 km, Half Marathon, Marathon;Official local running event in Thurmansbang. Distances: 5 km, 10 km, Half Marathon, Marathon. Discovered via Kilometerliebe and linked to the official event website.;http://www.hotel-schuerger.de/daten/marathon/marathon_de.html;Kilometerliebe Discovery;
Dresdner Marathon;Running;25.10.2026;Dresden;Germany;Dresden, Germany;;;5 km, 10 km, Half Marathon, Marathon;Official local running event in Dresden. Distances: 5 km, 10 km, Half Marathon, Marathon. Discovered via Kilometerliebe and linked to the official event website.;https://www.dresden-marathon.com;Kilometerliebe Discovery;
Düsseldorfer Silvesterlauf;Running;31.12.2026;Düsseldorf;Germany;Düsseldorf, Germany;;;5 km, 10 km;Official local running event in Düsseldorf. Distances: 5 km, 10 km. Discovered via Kilometerliebe and linked to the official event website.;https://www.duesseldorf.de/sportamt/laufen-in-duesseldorf;Kilometerliebe Discovery;
ebm-papst Marathon;Running;13.09.2026;Niedernhall;Germany;Niedernhall, Germany;;;5 km, 10 km, Half Marathon, Marathon;Official local running event in Niedernhall. Distances: 5 km, 10 km, Half Marathon, Marathon. Discovered via Kilometerliebe and linked to the official event website.;https://www.ebmpapst-marathon.de;Kilometerliebe Discovery;
Eifelmarathon;Running;14.06.2026;Waxweiler;Germany;Waxweiler, Germany;;;Half Marathon, Marathon;Official local running event in Waxweiler. Distances: Half Marathon, Marathon. Discovered via Kilometerliebe and linked to the official event website.;http://www.eifelmarathon.de;Kilometerliebe Discovery;
Eilenriederennen Hannover;Running;30.08.2026;Hannover;Germany;Hannover, Germany;;;5 km, 10 km, Half Marathon;Official local running event in Hannover. Distances: 5 km, 10 km, Half Marathon. Discovered via Kilometerliebe and linked to the official event website.;https://www.eilenriederennen.de;Kilometerliebe Discovery;
Einstein Marathon;Running;27.09.2026;Ulm;Germany;Ulm, Germany;;;5 km, 10 km, Half Marathon, Marathon;Official local running event in Ulm. Distances: 5 km, 10 km, Half Marathon, Marathon. Discovered via Kilometerliebe and linked to the official event website.;https://einsteinmarathon.de;Kilometerliebe Discovery;
Einstein-Marathon Ulm;Running;22.09.2026;Ulm;Germany;Ulm, Germany;;;10 km, Half Marathon, Marathon;Official local running event in Ulm. Distances: 10 km, Half Marathon, Marathon. Discovered via Kilometerliebe and linked to the official event website.;http://www.einstein-marathon.de;Kilometerliebe Discovery;
Elpersheimer Pfingstlauf;Running;24.05.2026;Weikersheim;Germany;Weikersheim, Germany;;;5 km, 10 km, Half Marathon;Official local running event in Weikersheim. Distances: 5 km, 10 km, Half Marathon. Discovered via Kilometerliebe and linked to the official event website.;https://sv-elpersheim.de/pfingstlauf;Kilometerliebe Discovery;
Elsterlauf;Running;31.05.2026;Bad Liebenwerda;Germany;Bad Liebenwerda, Germany;;;10 km, Half Marathon;Official local running event in Bad Liebenwerda. Distances: 10 km, Half Marathon. Discovered via Kilometerliebe and linked to the official event website.;https://www.elsterlauf.de;Kilometerliebe Discovery;
Ermstal-Marathon;Running;12.07.2026;Metzingen;Germany;Metzingen, Germany;;;10 km, Half Marathon, Marathon;Official local running event in Metzingen. Distances: 10 km, Half Marathon, Marathon. Discovered via Kilometerliebe and linked to the official event website.;https://www.ermstal-marathon.de;Kilometerliebe Discovery;
Eschathlon - Der Eschborner Halbmarathon;Running;14.06.2026;Eschborn;Germany;Eschborn, Germany;;;5 km, 10 km, Half Marathon;Official local running event in Eschborn. Distances: 5 km, 10 km, Half Marathon. Discovered via Kilometerliebe and linked to the official event website.;https://www.eschathlon.de;Kilometerliebe Discovery;
Eselsburger-Tal-Lauf;Running;05.07.2026;Herbrechtingen;Germany;Herbrechtingen, Germany;;;5 km, 10 km, Half Marathon;Official local running event in Herbrechtingen. Distances: 5 km, 10 km, Half Marathon. Discovered via Kilometerliebe and linked to the official event website.;https://www.lauftreff-herbrechtingen.de;Kilometerliebe Discovery;
Europamarathon Görlitz;Running;07.06.2026;Görlitz;Germany;Görlitz, Germany;;;5 km, 10 km, Half Marathon, Marathon;Official local running event in Görlitz. Distances: 5 km, 10 km, Half Marathon, Marathon. Discovered via Kilometerliebe and linked to the official event website.;https://www.europamarathon.de;Kilometerliebe Discovery;
Eversburger Gewässer Ultramarathon;Ultramarathon;06.06.2026;Osnabrück;Germany;Osnabrück, Germany;;;45.3 km;Official local running event in Osnabrück. Distances: 45.3 km. Discovered via Kilometerliebe and linked to the official event website.;https://my.raceresult.com/381648/;Kilometerliebe Discovery;
EVL Halbmarathon Leverkusen;Running;14.06.2026;Leverkusen;Germany;Leverkusen, Germany;;;5 km, 10 km, Half Marathon;Official local running event in Leverkusen. Distances: 5 km, 10 km, Half Marathon. Discovered via Kilometerliebe and linked to the official event website.;https://www.leverkusen-halbmarathon.de;Kilometerliebe Discovery;
FALKE Rothaarsteig-Marathon;Running;17.10.2026;Fleckenberg;Germany;Fleckenberg, Germany;;;Half Marathon, Marathon;Official local running event in Fleckenberg. Distances: Half Marathon, Marathon. Discovered via Kilometerliebe and linked to the official event website.;https://www.rothaarsteig-marathon.de;Kilometerliebe Discovery;
Fehmarn Marathon;Running;05.09.2026;Fehmarn;Germany;Fehmarn, Germany;;;5 km, 10 km, Half Marathon, Marathon;Official local running event in Fehmarn. Distances: 5 km, 10 km, Half Marathon, Marathon. Discovered via Kilometerliebe and linked to the official event website.;https://fehmarn-marathon.de;Kilometerliebe Discovery;
fem.RUN Hannover;Running;25.09.2026;Hannover;Germany;Hannover, Germany;;;5 km, 10 km;Official local running event in Hannover. Distances: 5 km, 10 km. Discovered via Kilometerliebe and linked to the official event website.;https://www.femrun.de;Kilometerliebe Discovery;
Fichtelgebirgsmarathon;Running;04.07.2026;Bad Alexandersbad;Germany;Bad Alexandersbad, Germany;;;Half Marathon, Marathon;Official local running event in Bad Alexandersbad. Distances: Half Marathon, Marathon. Discovered via Kilometerliebe and linked to the official event website.;http://www.fichtelgebirgsmarathon.de;Kilometerliebe Discovery;
Filderstadt-Halbmarathon;Running;18.10.2026;Filderstadt;Germany;Filderstadt, Germany;;;10 km, Half Marathon;Official local running event in Filderstadt. Distances: 10 km, Half Marathon. Discovered via Kilometerliebe and linked to the official event website.;https://www.filderstadt-halbmarathon.de;Kilometerliebe Discovery;
Finkenwerder Insellauf;Running;06.06.2026;Hamburg;Germany;Hamburg, Germany;;;5 km, 10 km;Official local running event in Hamburg. Distances: 5 km, 10 km. Discovered via Kilometerliebe and linked to the official event website.;https://www.finkenwerder-insellauf.de;Kilometerliebe Discovery;
Firmenlauf Anhalt Dessau-Roßlau;Running;12.05.2026;Dessau-Roßlau;Germany;Dessau-Roßlau, Germany;;;5 km;Official local running event in Dessau-Roßlau. Distances: 5 km. Discovered via Kilometerliebe and linked to the official event website.;https://dessauer-firmenlauf.de/;Kilometerliebe Discovery;
Firmenlauf Chemnitz;Running;02.09.2026;Chemnitz;Germany;Chemnitz, Germany;;;5 km;Official local running event in Chemnitz. Distances: 5 km. Discovered via Kilometerliebe and linked to the official event website.;https://www.firmenlauf-chemnitz.de/;Kilometerliebe Discovery;
Dürener Firmenlauf;Running;12.06.2026;Düren;Germany;Düren, Germany;;;5 km;Official local running event in Düren. Distances: 5 km. Discovered via Kilometerliebe and linked to the official event website.;https://www.firmenlauf-dueren.de/;Kilometerliebe Discovery;
Firmenpuls Neuss;Running;08.09.2026;Neuss;Germany;Neuss, Germany;;;5 km;Official local running event in Neuss. Distances: 5 km. Discovered via Kilometerliebe and linked to the official event website.;https://www.firmenpuls.de/;Kilometerliebe Discovery;
Flechtkulturlauf Obermain;Running;20.06.2026;Lichtenfels;Germany;Lichtenfels, Germany;;;5 km, 10 km;Official local running event in Lichtenfels. Distances: 5 km, 10 km. Discovered via Kilometerliebe and linked to the official event website.;https://www.flechtkulturlauf.de;Kilometerliebe Discovery;
Flensburg liebt dich Marathon;Running;06.09.2026;Flensburg;Germany;Flensburg, Germany;;;5 km, 10 km, Half Marathon, Marathon;Official local running event in Flensburg. Distances: 5 km, 10 km, Half Marathon, Marathon. Discovered via Kilometerliebe and linked to the official event website.;https://www.flensburg-marathon.de;Kilometerliebe Discovery;
FlorSTADT Halbmarathon;Running;23.08.2026;Florstadt;Germany;Florstadt, Germany;;;5 km, 10 km, Half Marathon;Official local running event in Florstadt. Distances: 5 km, 10 km, Half Marathon. Discovered via Kilometerliebe and linked to the official event website.;https://ltflorstadt.de/halbmarathon;Kilometerliebe Discovery;
Fränkische Schweiz Marathon;Running;06.09.2026;Ebermannstadt;Germany;Ebermannstadt, Germany;;;10 km, Half Marathon, Marathon;Official local running event in Ebermannstadt. Distances: 10 km, Half Marathon, Marathon. Discovered via Kilometerliebe and linked to the official event website.;https://www.fs-marathon.de;Kilometerliebe Discovery;
Fränkische Schweiz-Marathon;Running;05.09.2027;Ebermannstadt;Germany;Ebermannstadt, Germany;;;10 km, Half Marathon, Marathon;Official local running event in Ebermannstadt. Distances: 10 km, Half Marathon, Marathon. Discovered via Kilometerliebe and linked to the official event website.;https://www.fs-marathon.de;Kilometerliebe Discovery;
Frankfurter Mainova Halbmarathon;Running;22.03.2026;Frankfurt am Main;Germany;Frankfurt am Main, Germany;;;12h Ultramarathon;Official local running event in Frankfurt am Main. Distances: 12h Ultramarathon. Discovered via Kilometerliebe and linked to the official event website.;https://www.frankfurter-halbmarathon.de/;Kilometerliebe Discovery;
Franklin Meilenlauf Mannheim;Running;11.10.2026;Mannheim;Germany;Mannheim, Germany;;;10 km, Half Marathon;Official local running event in Mannheim. Distances: 10 km, Half Marathon. Discovered via Kilometerliebe and linked to the official event website.;https://www.franklin-meilenlauf.de;Kilometerliebe Discovery;
Frauenlauf Köln;Running;13.09.2026;Köln;Germany;Köln, Germany;;;5 km, 10 km;Official local running event in Köln. Distances: 5 km, 10 km. Discovered via Kilometerliebe and linked to the official event website.;https://www.koeln.de;Kilometerliebe Discovery;
Frauenlauf Trier;Running;21.06.2026;Trier;Germany;Trier, Germany;;;5 km, 10 km;Official local running event in Trier. Distances: 5 km, 10 km. Discovered via Kilometerliebe and linked to the official event website.;https://silvesterlauf.de/event/frauenlauf/;Kilometerliebe Discovery;
Friedberger Halbmarathon;Running;13.09.2026;Friedberg i.Bayern;Germany;Friedberg i.Bayern, Germany;;;Half Marathon;Official local running event in Friedberg i.Bayern. Distances: Half Marathon. Discovered via Kilometerliebe and linked to the official event website.;https://www.halbmarathon-friedberg.de;Kilometerliebe Discovery;
Friedewalder Mühlenlauf;Running;14.05.2026;Petershagen;Germany;Petershagen, Germany;;;5 km, 10 km, Half Marathon;Official local running event in Petershagen. Distances: 5 km, 10 km, Half Marathon. Discovered via Kilometerliebe and linked to the official event website.;http://muehlenlauf.friedewalde.de;Kilometerliebe Discovery;
Frühlingsultra;Ultramarathon;21.03.2027;Freudenstadt-Grüntal;Germany;Freudenstadt-Grüntal, Germany;;;50 km;Official local running event in Freudenstadt-Grüntal. Distances: 50 km. Discovered via Kilometerliebe and linked to the official event website.;https://neckarlauf.com/fr%C3%BChlingsultra.html;Kilometerliebe Discovery;
Fürst Carl Seenlandmarathon;Running;20.09.2026;Pleinfeld;Germany;Pleinfeld, Germany;;;10 km, Half Marathon, Marathon;Official local running event in Pleinfeld. Distances: 10 km, Half Marathon, Marathon. Discovered via Kilometerliebe and linked to the official event website.;https://www.seenlandmarathon.de;Kilometerliebe Discovery;
Fulda Marathon;Running;06.09.2026;Fulda;Germany;Fulda, Germany;;;5 km, 10 km, Half Marathon;Official local running event in Fulda. Distances: 5 km, 10 km, Half Marathon. Discovered via Kilometerliebe and linked to the official event website.;https://www.fulda-marathon.de;Kilometerliebe Discovery;
Gebirgstälerlauf Oberstdorf;Running;17.05.2026;Oberstdorf;Germany;Oberstdorf, Germany;;;5 km, 10 km, Half Marathon;Official local running event in Oberstdorf. Distances: 5 km, 10 km, Half Marathon. Discovered via Kilometerliebe and linked to the official event website.;https://www.gebirgstaelerlauf.de;Kilometerliebe Discovery;
Generali Berlin Halbmarathon;Running;29.03.2026;Berlin;Germany;Berlin, Germany;;;Half Marathon;Official local running event in Berlin. Distances: Half Marathon. Discovered via Kilometerliebe and linked to the official event website.;https://www.generali-berliner-halbmarathon.de/;Kilometerliebe Discovery;
Generali Berliner Halbmarathon;Running;04.04.2027;Berlin;Germany;Berlin, Germany;;;Half Marathon;Official local running event in Berlin. Distances: Half Marathon. Discovered via Kilometerliebe and linked to the official event website.;https://www.generali-berliner-halbmarathon.de;Kilometerliebe Discovery;
Generali Köln Marathon;Running;04.10.2026;Köln;Germany;Köln, Germany;;;Half Marathon, Marathon;Official local running event in Köln. Distances: Half Marathon, Marathon. Discovered via Kilometerliebe and linked to the official event website.;https://koeln-marathon.de;Kilometerliebe Discovery;
Generali Köln Marathon;Running;03.10.2027;Köln;Germany;Köln, Germany;;;10 km, Half Marathon, Marathon;Official local running event in Köln. Distances: 10 km, Half Marathon, Marathon. Discovered via Kilometerliebe and linked to the official event website.;https://generali-koeln-marathon.de;Kilometerliebe Discovery;
Geraer Firmenlauf;Running;21.05.2026;Gera;Germany;Gera, Germany;;;5 km;Official local running event in Gera. Distances: 5 km. Discovered via Kilometerliebe and linked to the official event website.;https://geraer-firmenlauf.de/;Kilometerliebe Discovery;
Gerolsteiner Helgoland Marathon;Running;09.05.2026;Helgoland;Germany;Helgoland, Germany;;;5 km, 10 km, Marathon;Official local running event in Helgoland. Distances: 5 km, 10 km, Marathon. Discovered via Kilometerliebe and linked to the official event website.;https://www.helgoland-marathon.com;Kilometerliebe Discovery;
Gifhorner Lauftag;Running;19.04.2026;Gifhorn;Germany;Gifhorn, Germany;;;5 km, 10 km, Half Marathon, Marathon;Official local running event in Gifhorn. Distances: 5 km, 10 km, Half Marathon, Marathon. Discovered via Kilometerliebe and linked to the official event website.;https://www.vfr-wilsche-neubokel.de;Kilometerliebe Discovery;
Göltzschtal-Marathon;Running;11.04.2026;Lengenfeld;Germany;Lengenfeld, Germany;;;5 km, 10 km, Half Marathon, Marathon;Official local running event in Lengenfeld. Distances: 5 km, 10 km, Half Marathon, Marathon. Discovered via Kilometerliebe and linked to the official event website.;http://www.goeltzschtallauf.de;Kilometerliebe Discovery;
Goitzsche Marathon;Running;03.05.2026;Bitterfeld;Germany;Bitterfeld, Germany;;;10 km, Half Marathon, Marathon;Official local running event in Bitterfeld. Distances: 10 km, Half Marathon, Marathon. Discovered via Kilometerliebe and linked to the official event website.;https://www.goitzsche-marathon.eu;Kilometerliebe Discovery;
Gorch-Fock-Lauf;Running;14.06.2026;Wilhelmshaven;Germany;Wilhelmshaven, Germany;;;5 km, 10 km, Half Marathon, Marathon;Official local running event in Wilhelmshaven. Distances: 5 km, 10 km, Half Marathon, Marathon. Discovered via Kilometerliebe and linked to the official event website.;https://gorch-fock-lauf.de;Kilometerliebe Discovery;
Grömitzer Sun-Run;Running;10.05.2026;Grömitz;Germany;Grömitz, Germany;;;5 km, 10 km, Half Marathon;Official local running event in Grömitz. Distances: 5 km, 10 km, Half Marathon. Discovered via Kilometerliebe and linked to the official event website.;https://www.groemitz.de/sun-run;Kilometerliebe Discovery;
Grüntal-Winterultra;Ultramarathon;28.12.2026;Freudenstadt-Grüntal;Germany;Freudenstadt-Grüntal, Germany;;;50 km;Official local running event in Freudenstadt-Grüntal. Distances: 50 km. Discovered via Kilometerliebe and linked to the official event website.;https://neckarlauf.com/gr%C3%BCntal-winterultra.html;Kilometerliebe Discovery;
Grüntalultra;Ultramarathon;14.05.2026;Freudenstadt-Grüntal;Germany;Freudenstadt-Grüntal, Germany;;;50 km;Official local running event in Freudenstadt-Grüntal. Distances: 50 km. Discovered via Kilometerliebe and linked to the official event website.;https://neckarlauf.com/gr%C3%BCntalultra.html;Kilometerliebe Discovery;
Gütersloh läuft;Running;08.07.2026;Gütersloh;Germany;Gütersloh, Germany;;;10 km;Official local running event in Gütersloh. Distances: 10 km. Discovered via Kilometerliebe and linked to the official event website.;https://guetersloh-laeuft.de/;Kilometerliebe Discovery;
Gutenberg Halbmarathon Mainz;Running;10.05.2026;Mainz;Germany;Mainz, Germany;;;10 km, Half Marathon;Official local running event in Mainz. Distances: 10 km, Half Marathon. Discovered via Kilometerliebe and linked to the official event website.;https://www.halbmarathon-mainz.de;Kilometerliebe Discovery;
GutsMuths-Rennsteiglauf Marathon;Running;09.05.2026;Schmiedefeld;Germany;Schmiedefeld, Germany;;;10 km, Half Marathon, Marathon;Official local running event in Schmiedefeld. Distances: 10 km, Half Marathon, Marathon. Discovered via Kilometerliebe and linked to the official event website.;http://www.rennsteiglauf.de;Kilometerliebe Discovery;
Hachenburg Löwen Marathon;Running;17.10.2026;Hachenburg;Germany;Hachenburg, Germany;;;10 km, Half Marathon;Official local running event in Hachenburg. Distances: 10 km, Half Marathon. Discovered via Kilometerliebe and linked to the official event website.;https://www.loewenlauf-hachenburg.de;Kilometerliebe Discovery;
Hagener Volkslauf;Running;14.05.2026;Hagen;Germany;Hagen, Germany;;;10 km, Half Marathon;Official local running event in Hagen. Distances: 10 km, Half Marathon. Discovered via Kilometerliebe and linked to the official event website.;http://www.concordia-hagen.de;Kilometerliebe Discovery;
Halbmarathon Altötting;Running;20.09.2026;Altötting;Germany;Altötting, Germany;;;10 km, Half Marathon;Official local running event in Altötting. Distances: 10 km, Half Marathon. Discovered via Kilometerliebe and linked to the official event website.;https://www.halbmarathon.de;Kilometerliebe Discovery;
Halbmarathon Heidelberg;Running;26.04.2026;Heidelberg;Germany;Heidelberg, Germany;;;Half Marathon;Official local running event in Heidelberg. Distances: Half Marathon. Discovered via Kilometerliebe and linked to the official event website.;https://atoshalbmarathon.tsg78-hd.de;Kilometerliebe Discovery;
Halbmarathon Ingolstadt;Running;09.05.2026;Ingolstadt;Germany;Ingolstadt, Germany;;;5 km, 10 km, Half Marathon;Official local running event in Ingolstadt. Distances: 5 km, 10 km, Half Marathon. Discovered via Kilometerliebe and linked to the official event website.;https://www.halbmarathon-ingolstadt.net;Kilometerliebe Discovery;
Halbmarathon München;Running;11.04.2026;München;Germany;München, Germany;;;Half Marathon;Official local running event in München. Distances: Half Marathon. Discovered via Kilometerliebe and linked to the official event website.;https://halbmarathon-muenchen.de/;Kilometerliebe Discovery;
Hamburger Halbmarathon durch das Alte Land;Running;29.03.2026;Hamburg;Germany;Hamburg, Germany;;;10 km, Half Marathon;Official local running event in Hamburg. Distances: 10 km, Half Marathon. Discovered via Kilometerliebe and linked to the official event website.;https://www.hntonline.de/hamburger-halbmarathon/;Kilometerliebe Discovery;
ADAC Marathon Hannover;Running;11.04.2027;Hannover;Germany;Hannover, Germany;;;19h Ultramarathon;Official local running event in Hannover. Distances: 19h Ultramarathon. Discovered via Kilometerliebe and linked to the official event website.;https://www.marathon-hannover.de;Kilometerliebe Discovery;
Haspa Halbmarathon Hamburg;Running;25.04.2027;Hamburg;Germany;Hamburg, Germany;;;Half Marathon;Official local running event in Hamburg. Distances: Half Marathon. Discovered via Kilometerliebe and linked to the official event website.;https://haspa-marathon-hamburg.de/halbmarathon/;Kilometerliebe Discovery;
Haspa Marathon Hamburg;Running;26.04.2026;Hamburg;Germany;Hamburg, Germany;;;Half Marathon, Marathon;Official local running event in Hamburg. Distances: Half Marathon, Marathon. Discovered via Kilometerliebe and linked to the official event website.;https://haspa-marathon-hamburg.de/;Kilometerliebe Discovery;
Haspa Marathon Hamburg;Running;25.04.2027;Hamburg;Germany;Hamburg, Germany;;;3h Ultramarathon;Official local running event in Hamburg. Distances: 3h Ultramarathon. Discovered via Kilometerliebe and linked to the official event website.;https://haspa-marathon-hamburg.de;Kilometerliebe Discovery;
Haster Volkslauf Osnabrück;Running;07.06.2026;Osnabrück;Germany;Osnabrück, Germany;;;5 km, 10 km;Official local running event in Osnabrück. Distances: 5 km, 10 km. Discovered via Kilometerliebe and linked to the official event website.;https://tushaste01.de/haster-volkslauf-copy/;Kilometerliebe Discovery;
Heidenheimer Sparkassen-Stadtlauf;Running;14.06.2026;Heidenheim;Germany;Heidenheim, Germany;;;5 km, 10 km, Half Marathon;Official local running event in Heidenheim. Distances: 5 km, 10 km, Half Marathon. Discovered via Kilometerliebe and linked to the official event website.;https://heidenheimer-stadtlauf.de;Kilometerliebe Discovery;
Heilbronner Trollinger Marathon;Running;10.05.2026;Heilbronn;Germany;Heilbronn, Germany;;;10 km, Half Marathon, Marathon;Official local running event in Heilbronn. Distances: 10 km, Half Marathon, Marathon. Discovered via Kilometerliebe and linked to the official event website.;https://www.trollinger-marathon.de;Kilometerliebe Discovery;
Heizomat Altmühlseelauf;Running;18.07.2026;Gunzenhausen;Germany;Gunzenhausen, Germany;;;10 km, Half Marathon;Official local running event in Gunzenhausen. Distances: 10 km, Half Marathon. Discovered via Kilometerliebe and linked to the official event website.;https://www.altmuehlseelauf.de;Kilometerliebe Discovery;
hella hamburg halbmarathon;Running;28.06.2026;Hamburg;Germany;Hamburg, Germany;;;Half Marathon;Official local running event in Hamburg. Distances: Half Marathon. Discovered via Kilometerliebe and linked to the official event website.;https://www.hamburg-halbmarathon.de/;Kilometerliebe Discovery;
hella Marathon Rostock;Running;01.08.2026;Rostock;Germany;Rostock, Germany;;;10 km, Half Marathon, Marathon;Official local running event in Rostock. Distances: 10 km, Half Marathon, Marathon. Discovered via Kilometerliebe and linked to the official event website.;https://www.rostocker-marathon-nacht.com;Kilometerliebe Discovery;
Hennefer Europalauf;Running;20.06.2026;Hennef;Germany;Hennef, Germany;;;5 km, 10 km, Half Marathon;Official local running event in Hennef. Distances: 5 km, 10 km, Half Marathon. Discovered via Kilometerliebe and linked to the official event website.;https://europalauf.eu;Kilometerliebe Discovery;
Herzogstadtlauf Straubing;Running;10.05.2026;Straubing;Germany;Straubing, Germany;;;5 km, 10 km, Half Marathon, Marathon;Official local running event in Straubing. Distances: 5 km, 10 km, Half Marathon, Marathon. Discovered via Kilometerliebe and linked to the official event website.;http://www.herzogstadtlauf.de;Kilometerliebe Discovery;
Heumadener Volkslauf;Running;19.07.2026;Stuttgart;Germany;Stuttgart, Germany;;;10 km, Half Marathon;Official local running event in Stuttgart. Distances: 10 km, Half Marathon. Discovered via Kilometerliebe and linked to the official event website.;https://www.tsv-heumaden.de/veranstaltungen/heumadener-volkslauf;Kilometerliebe Discovery;
Hexenstieg Ultramarathon;Ultramarathon;17.04.2026;Osterode;Germany;Osterode, Germany;;;160.9 km;Official local running event in Osterode. Distances: 160.9 km. Discovered via Kilometerliebe and linked to the official event website.;https://www.hexenstieg-ultra.de;Kilometerliebe Discovery;
Hexenstieg-Ultramarathon;Ultramarathon;16.04.2027;Osterode;Germany;Osterode, Germany;;;160.9 km;Official local running event in Osterode. Distances: 160.9 km. Discovered via Kilometerliebe and linked to the official event website.;https://www.hexenstieg-ultra.de;Kilometerliebe Discovery;
Hiltruper Halbmarathon;Running;23.08.2026;Münster;Germany;Münster, Germany;;;Half Marathon;Official local running event in Münster. Distances: Half Marathon. Discovered via Kilometerliebe and linked to the official event website.;https://www.tus-hiltrup.de;Kilometerliebe Discovery;
Himmelgeister Brückenlauf;Running;13.06.2026;Düsseldorf;Germany;Düsseldorf, Germany;;;Half Marathon;Official local running event in Düsseldorf. Distances: Half Marathon. Discovered via Kilometerliebe and linked to the official event website.;https://himmelgeister-brueckenlauf.de;Kilometerliebe Discovery;
HimmelswegeLauf Marathon;Running;13.06.2026;Nebra;Germany;Nebra, Germany;;;10 km, Half Marathon, Marathon;Official local running event in Nebra. Distances: 10 km, Half Marathon, Marathon. Discovered via Kilometerliebe and linked to the official event website.;http://www.himmelswegelauf.de;Kilometerliebe Discovery;
Hörnlelauf Konstanz;Running;11.10.2026;Konstanz;Germany;Konstanz, Germany;;;5 km, 10 km;Official local running event in Konstanz. Distances: 5 km, 10 km. Discovered via Kilometerliebe and linked to the official event website.;https://konstanzer-laeufe.de/hoernlelauf/;Kilometerliebe Discovery;
Hofmühl-Volksfest Halbmarathon;Running;30.08.2026;Eichstätt;Germany;Eichstätt, Germany;;;Half Marathon;Official local running event in Eichstätt. Distances: Half Marathon. Discovered via Kilometerliebe and linked to the official event website.;https://www.sv-marienstein.de;Kilometerliebe Discovery;
Ingelheimer Halbe;Running;31.05.2026;Ingelheim;Germany;Ingelheim, Germany;;;5 km, 10 km, Half Marathon;Official local running event in Ingelheim. Distances: 5 km, 10 km, Half Marathon. Discovered via Kilometerliebe and linked to the official event website.;https://www.der-ingelheimer-halbe.de;Kilometerliebe Discovery;
Internationaler Schwarzwald-Marathon;Running;11.10.2026;Bräunlingen;Germany;Bräunlingen, Germany;;;Half Marathon, Marathon;Official local running event in Bräunlingen. Distances: Half Marathon, Marathon. Discovered via Kilometerliebe and linked to the official event website.;http://www.schwarzwald-marathon.de;Kilometerliebe Discovery;
Internationaler Trierer Stadtlauf;Running;28.06.2026;Trier;Germany;Trier, Germany;;;10 km, Half Marathon;Official local running event in Trier. Distances: 10 km, Half Marathon. Discovered via Kilometerliebe and linked to the official event website.;https://spoferan.com/en/events/40-int-trierer-stadtlauf-2026/;Kilometerliebe Discovery;
Ipf-Ries Halbmarathon;Running;09.05.2026;Nördlingen;Germany;Nördlingen, Germany;;;Half Marathon;Official local running event in Nördlingen. Distances: Half Marathon. Discovered via Kilometerliebe and linked to the official event website.;https://ipf-ries-halbmarathon.de;Kilometerliebe Discovery;
Ith-Hils-Ultratrail;Ultramarathon;25.04.2026;Salzhemmendorf;Germany;Salzhemmendorf, Germany;;;81 km;Official local running event in Salzhemmendorf. Distances: 81 km. Discovered via Kilometerliebe and linked to the official event website.;https://running-paule.de/;Kilometerliebe Discovery;
Itzerhoer Störlauf;Running;09.05.2026;Itzehoe;Germany;Itzehoe, Germany;;;5 km, 10 km, Half Marathon;Official local running event in Itzehoe. Distances: 5 km, 10 km, Half Marathon. Discovered via Kilometerliebe and linked to the official event website.;https://www.stoerlauf.de;Kilometerliebe Discovery;
Jenaer Firmenlauf;Running;19.05.2026;Jena;Germany;Jena, Germany;;;5 km;Official local running event in Jena. Distances: 5 km. Discovered via Kilometerliebe and linked to the official event website.;https://www.jenaerfirmenlauf.de/;Kilometerliebe Discovery;
Kap-Arkona-Lauf;Running;03.10.2026;Putgarten;Germany;Putgarten, Germany;;;10 km, Half Marathon;Official local running event in Putgarten. Distances: 10 km, Half Marathon. Discovered via Kilometerliebe and linked to the official event website.;https://kap-arkona-lauf.de;Kilometerliebe Discovery;
Kapellenlauf Vorra;Running;02.08.2026;Frensdorf;Germany;Frensdorf, Germany;;;10 km, Half Marathon;Official local running event in Frensdorf. Distances: 10 km, Half Marathon. Discovered via Kilometerliebe and linked to the official event website.;https://www.laufclub-vorra.de;Kilometerliebe Discovery;
Karneval Marathon Köln;Running;11.11.2026;Köln;Germany;Köln, Germany;;;Marathon;Official local running event in Köln. Distances: Marathon. Discovered via Kilometerliebe and linked to the official event website.;https://www.karneval-marathon.de;Kilometerliebe Discovery;
Karneval Marathon Köln;Running;06.11.2027;Köln;Germany;Köln, Germany;;;10 km, Half Marathon, Marathon;Official local running event in Köln. Distances: 10 km, Half Marathon, Marathon. Discovered via Kilometerliebe and linked to the official event website.;https://karneval-marathon.de;Kilometerliebe Discovery;
Kassel Marathon;Running;20.09.2026;Kassel;Germany;Kassel, Germany;;;10 km, Half Marathon, Marathon;Official local running event in Kassel. Distances: 10 km, Half Marathon, Marathon. Discovered via Kilometerliebe and linked to the official event website.;http://www.kassel-marathon.de;Kilometerliebe Discovery;
Kiel Lauf;Running;13.09.2026;Kiel;Germany;Kiel, Germany;;;5 km, 10 km, Half Marathon;Official local running event in Kiel. Distances: 5 km, 10 km, Half Marathon. Discovered via Kilometerliebe and linked to the official event website.;https://www.kiellauf.de;Kilometerliebe Discovery;
Kieler Förde Marathon;Running;20.09.2026;Kiel;Germany;Kiel, Germany;;;Marathon;Official local running event in Kiel. Distances: Marathon. Discovered via Kilometerliebe and linked to the official event website.;https://www.ltvkiel-ost.de/kieler-förde-marathon;Kilometerliebe Discovery;
Kieler Förde Marathon;Running;19.09.2027;Kiel;Germany;Kiel, Germany;;;10 km, Half Marathon, Marathon;Official local running event in Kiel. Distances: 10 km, Half Marathon, Marathon. Discovered via Kilometerliebe and linked to the official event website.;https://www.kieler-foerde-marathon.de;Kilometerliebe Discovery;
Koberstädter Waldmarathon;Running;30.08.2026;Egelsbach;Germany;Egelsbach, Germany;;;10 km, Half Marathon;Official local running event in Egelsbach. Distances: 10 km, Half Marathon. Discovered via Kilometerliebe and linked to the official event website.;https://www.koberstaedter-marathon.de;Kilometerliebe Discovery;
Kölner Frühlingslauf;Running;22.03.2026;Köln;Germany;Köln, Germany;;;5 km, 10 km;Official local running event in Köln. Distances: 5 km, 10 km. Discovered via Kilometerliebe and linked to the official event website.;https://koelner-fruehlingslauf.de/;Kilometerliebe Discovery;
Kölner Halbmarathon;Running;30.08.2026;Köln;Germany;Köln, Germany;;;Half Marathon;Official local running event in Köln. Distances: Half Marathon. Discovered via Kilometerliebe and linked to the official event website.;https://koelner-halbmarathon.de/;Kilometerliebe Discovery;
König Ludwig Lauf Sommer;Running;26.09.2026;Oberammergau;Germany;Oberammergau, Germany;;;10 km, Half Marathon;Official local running event in Oberammergau. Distances: 10 km, Half Marathon. Discovered via Kilometerliebe and linked to the official event website.;https://www.koenig-ludwig-lauf.com;Kilometerliebe Discovery;
Königsforst Marathon Bergisch Gladbach;Ultramarathon;15.03.2026;Bergisch Gladbach;Germany;Bergisch Gladbach, Germany;;;Half Marathon, Marathon, 63.3 km;Official local running event in Bergisch Gladbach. Distances: Half Marathon, Marathon, 63.3 km. Discovered via Kilometerliebe and linked to the official event website.;https://koenigsforst-marathon.de/;Kilometerliebe Discovery;
Königsschlösser Marathon;Running;25.07.2026;Füssen;Germany;Füssen, Germany;;;10 km, Half Marathon, Marathon;Official local running event in Füssen. Distances: 10 km, Half Marathon, Marathon. Discovered via Kilometerliebe and linked to the official event website.;https://www.laufwochenende-fuessen.de;Kilometerliebe Discovery;
Küstenkanallauf;Running;04.07.2026;Friesoythe/Kampe;Germany;Friesoythe/Kampe, Germany;;;10 km, Half Marathon;Official local running event in Friesoythe/Kampe. Distances: 10 km, Half Marathon. Discovered via Kilometerliebe and linked to the official event website.;https://www.kc-ikenbruegge.de;Kilometerliebe Discovery;
Kulkiathlon;Ultramarathon;07.06.2026;Markranstädt;Germany;Markranstädt, Germany;;;72 km;Official local running event in Markranstädt. Distances: 72 km. Discovered via Kilometerliebe and linked to the official event website.;https://kulkiathlon.com/;Kilometerliebe Discovery;
